ID_Estudiante,Edad,Fecha_Inscripcion,Genero,Estilo_Aprendizaje,Carrera,Signo_Zodiacal,Examen_Admision,Horas_Estudio_Semanal,Asistencia_Pct,Faltas,Promedio_Parciales,Motivacion,Nota_Final,Aprobo
1,20.5,2024-03-13,F,secuencial,Educacion,Tauro,2.66,20.6,89.7,2.0,2.25,7.0,1.94,no
2,27.0,2026-06-02,M,secuencial,Derecho,Geminis,3.87,6.1,65.2,7.0,2.83,6.0,2.35,no
3,,2021-06-20,F,sensorial,Medicina,Leo,4.23,6.5,81.9,3.0,3.3,,3.1,si
4,19.0,2022-05-01,Otro,visual,Derecho,Cancer,4.07,15.6,88.3,2.0,,4.0,2.49,no
5,25.3,2022-03-14,F,visual,Artes,Geminis,3.01,8.1,82.2,4.0,2.24,8.0,1.86,no
6,24.1,2021-08-18,,sensorial,Economia,Escorpio,3.33,10.0,,,2.7,8.0,2.63,no
7,21.2,2023-03-09,F,sensorial,Derecho,Virgo,3.45,4.8,77.1,5.0,2.0,5.0,1.63,no
8,28.1,2024-08-10,Otro,sensorial,Artes,Sagitario,2.9,4.6,68.2,7.0,,7.0,2.37,no
9,21.1,2026-02-06,F,intuitivo,Educacion,Libra,3.18,11.6,88.9,2.0,2.24,8.0,2.1,no
10,19.4,2026-01-08,M,secuencial,Psicologia,Escorpio,3.72,17.0,78.4,4.0,2.96,4.0,2.18,no
11,25.1,2022-01-05,M,activo,Administracion,Capricornio,2.64,4.4,36.8,13.0,1.76,5.0,1.25,no
12,26.6,2023-12-11,F ,visual,Ingenieria,Aries,5.0,11.5,81.2,4.0,3.77,4.0,3.25,si
13,27.6,2024-11-11,M,equilibrio,Educacion,Tauro,3.58,2.3,65.6,7.0,2.84,7.0,,no
14,,2024-08-08,M,secuencial,Economia,Capricornio,5.0,8.3,75.7,5.0,3.17,4.0,3.26,si
15,24.2,2024-11-25,M,equilibrio,Educacion,Libra,4.33,9.3,75.9,5.0,2.98,,1.8,no
16,21.1,2018-03-22,M,,Ingenieria,Tauro,,7.5,74.8,5.0,2.89,7.0,3.4,si
17,25.9,2019-12-21,F,visual,Artes,Cancer,2.03,12.5,73.2,6.0,2.1,6.0,1.3,no
18,29.0,2023-05-17,M,sensorial,Psicologia,Acuario,3.21,13.6,99.0,0.0,2.65,6.0,2.45,no
19,24.6,2024-01-19,F,visual,Ingenieria,Virgo,4.34,8.1,,,3.07,8.0,3.44,si
20,21.3,2024-06-12,M,activo,Sistemas,Sagitario,3.84,11.1,80.4,4.0,2.66,2.0,2.19,no
21,19.0,2025-02-11,M,visual,Sistemas,Libra,3.0,8.7,58.9,8.0,2.49,7.0,3.4,si
22,23.9,2026-07-13,M,equilibrio,Psicologia,Piscis,3.31,6.5,57.2,8.0,,8.0,1.63,no
23,21.3,2024-10-21,F,activo,Artes,Leo,4.22,20.8,86.9,3.0,2.75,6.0,2.98,no
24,24.6,2024-12-20,M,verbal,Ingenieria,Virgo,4.24,22.5,77.3,5.0,3.82,,3.18,si
25,27.0,2025-06-09,M,reflexivo,Ingenieria,Virgo,3.4,20.1,57.7,8.0,3.31,10.0,2.74,no
26,22.2,2022-03-27,M,secuencial,Derecho,Capricornio,2.95,,92.4,1.0,3.19,6.0,2.28,no
27,20.8,2024-12-27,M,secuencial,Administracion,Aries,2.96,7.8,97.5,0.0,2.12,4.0,1.37,no
28,22.6,2023-02-27,F,,Medicina,Capricornio,3.0,11.0,74.9,5.0,2.55,4.0,2.63,no
29,20.0,2023-01-07,M,visual,Administracion,Libra,3.27,10.2,88.5,2.0,3.2,,3.16,si
30,29.3,2023-07-10,,secuencial,Administracion,Virgo,4.02,,73.3,5.0,2.85,6.0,2.78,no
31,26.0,2024-01-01, m ,sensorial,Economia,Sagitario,3.6,10.5,83.8,3.0,1.96,4.0,2.01,no
32,27.0,2024-07-11,F,verbal,Economia,Geminis,3.31,1.7,70.1,6.0,2.62,7.0,2.74,no
33,22.2,2023-03-16,F,,Medicina,Libra,4.2,7.5,,,,3.0,,no
34,19.5,2025-09-17,F,equilibrio,Derecho,Cancer,3.8,9.8,84.4,3.0,3.08,4.0,2.82,no
35,24.4,2020-01-24,M,verbal,Administracion,Libra,"3,13",10.6,93.9,1.0,2.76,4.0,2.64,no
36,20.9,2021-07-26,F,visual,Sistemas,Leo,3.75,,59.7,8.0,2.22,6.0,2.21,no
37,28.0,2021-09-20,M,equilibrio,Economia,Leo,4.19,10.1,80.7,4.0,2.63,6.0,,no
38,,2020-07-25,F,visual,Derecho,Capricornio,"4,77",8.0,91.5,2.0,3.14,7.0,,no
39,23.3,2023-02-26,M,intuitivo,Ingenieria,Libra,4.0,9.6,46.7,11.0,2.75,7.0,3.06,si
40,25.6,2024-05-18,F,activo,Economia,Cancer,2.73,8.4,85.9,3.0,2.18,6.0,2.03,no
9,22.7,2025-11-01,F,visual,Medicina,Aries,3.26,17.5,87.0,3.0,2.54,8.0,2.75,no
42,20.4,2025-12-20,M,intuitivo,Ingenieria,Escorpio,3.29,13.9,70.3,6.0,1.67,7.0,2.5,no
43,29.8,2023-12-22,F,visual,Ingenieria,Virgo,4.43,4.9,91.5,2.0,2.81,10.0,3.2,si
44,19.9,2024-05-20,F,sensorial,Educacion,Piscis,3.02,22.0,53.1,9.0,2.33,6.0,2.55,no
45,31.7,2022-08-27,F,visual,Ingenieria,Capricornio,4.04,16.3,63.5,7.0,3.19,7.0,3.22,si
46,25.7,2024-06-13,M,sensorial,Educacion,Escorpio,3.71,11.8,85.9,3.0,2.64,6.0,2.54,no
47,23.2,2021-03-10,F,intuitivo,Sistemas,Leo,3.38,19.2,94.6,1.0,2.7,8.0,4.08,si
48,23.7,2020-08-25,M,intuitivo,Ingenieria,Capricornio,3.97,5.8,84.8,3.0,3.43,8.0,3.34,si
49,19.0,2023-05-03,M,sensorial,Ingenieria,Tauro,3.89,13.7,64.4,7.0,2.78,7.0,3.29,si
50,22.6,2021-05-06,F,visual,Ingenieria,Aries,4.67,12.3,48.3,10.0,2.8,7.0,3.52,si
51,,2022-11-04,M,sensorial,Sistemas,Sagitario,3.66,4.8,83.7,3.0,2.7,7.0,2.45,no
52,23.2,2024-05-18,F,verbal,Derecho,Piscis,4.15,7.2,85.4,3.0,3.48,6.0,2.36,no
53,19.5,2022-08-03,F,activo,Medicina,Capricornio,2.55,12.0,57.2,9.0,1.9,9.0,1.37,no
54,21.6,2024-08-18,F,activo,Derecho,Piscis,3.88,4.9,71.0,6.0,2.0,7.0,1.71,no
55,20.0,2026-11-02,F,intuitivo,Administracion,Tauro,2.39,12.3,74.2,5.0,2.12,7.0,1.23,no
56,23.5,2025-06-02,F,equilibrio,Derecho,Sagitario,3.66,2.3,81.9,4.0,2.41,7.0,2.31,no
57,23.9,2023-01-20,F,sensorial,Artes,Leo,4.28,4.3,73.2,5.0,3.01,3.0,,no
58,26.6,2024-10-10,F,visual,Artes,Sagitario,3.84,,82.4,4.0,2.52,8.0,1.98,no
59,19.9,2022-04-12,F,equilibrio,Ingenieria,Leo,3.78,4.1,69.6,6.0,2.55,7.0,2.18,no
60,20.1,2025-09-06,F,equilibrio,Derecho,Acuario,2.26,19.7,62.8,8.0,1.58,3.0,1.58,no
61,24.0,2022-10-24,M,visual,Administracion,Geminis,3.9,12.4,60.4,8.0,,5.0,1.84,no
62,25.4,2022-01-16,,intuitivo,Ingenieria,Leo,3.0,7.8,54.2,9.0,2.41,10.0,2.53,no
63,21.7,2021-03-19,M,activo,Economia,Acuario,3.35,5.0,63.4,7.0,1.94,,1.83,no
64,24.1,2024-09-24,Otro,visual,Ingenieria,Sagitario,,10.4,98.7,1.0,2.76,,3.16,si
65,21.4,2023-05-19,f,sensorial,Educacion,Aries,3.92,3.7,47.0,11.0,2.41,7.0,2.54,no
66,22.0,2023-07-24,F,visual,Ingenieria,Geminis,4.77,10.5,94.7,1.0,2.85,4.0,3.06,si
67,23.4,2024-01-10,F,sensorial,Derecho,Tauro,4.42,0.8,79.3,4.0,2.74,5.0,1.96,no
68,23.6,2021-02-03,F,intuitivo,Ingenieria,Cancer,2.91,8.6,75.5,5.0,2.4,5.0,2.71,no
69,21.6,2022-09-08,,visual,Educacion,Capricornio,3.88,6.5,,,2.43,7.0,,no
70,19.5,2026-01-06,M,intuitivo,Psicologia,Escorpio,3.98,,92.1,2.0,2.44,4.0,2.34,no
71,20.7,2024-02-03,F,activo,Artes,Geminis,4.61,9.6,61.8,8.0,,3.0,2.39,no
72,24.4,2022-01-03,F,activo,Psicologia,Acuario,3.81,16.0,63.9,7.0,2.68,3.0,1.85,no
73,20.2,2023-02-08,F,activo,Educacion,Tauro,4.39,6.5,64.1,7.0,2.55,,2.63,no
74,22.6,2021-10-24,M,visual,Derecho,Aries,4.54,10.0,91.2,2.0,3.42,6.0,2.99,no
75,19.3,2022-05-15,F,sensorial,Administracion,Piscis,2.89,6.3,61.9,8.0,2.03,5.0,2.27,no
76,26.0,2024-09-27,F,intuitivo,Educacion,Libra,,2.3,96.1,1.0,,5.0,1.66,no
77,22.2,2024-01-11,M,equilibrio,Sistemas,Sagitario,4.17,5.1,80.6,4.0,2.5,8.0,3.28,si
78,19.5,2022-06-23,M,activo,Psicologia,Acuario,,160.0,68.1,6.0,2.47,8.0,2.74,no
79,25.4,2022-10-22,F,,Psicologia,Piscis,3.17,10.2,81.0,4.0,2.61,3.0,2.26,no
80,24.0,2024-11-12,F,secuencial,Sistemas,Capricornio,2.9,10.8,76.7,4.0,2.21,7.0,2.45,no
81,25.4,2021-01-11,,visual,Artes,Cancer,2.54,,68.8,6.0,2.01,5.0,1.27,no
82,28.0,2024-09-06,M,secuencial,Ingenieria,Aries,4.23,7.2,67.5,7.0,3.41,7.0,2.97,no
83,21.7,2022-01-11,F,intuitivo,Educacion,Piscis,"4,06",10.7,86.9,3.0,2.94,6.0,1.92,no
84,20.3,2023-01-25,M,visual,Educacion,Virgo,"3,89",3.3,69.1,6.0,2.26,5.0,1.82,no
85,21.1,2024-02-20,F,sensorial,Educacion,Aries,3.14,10.7,63.1,8.0,2.55,5.0,1.57,no
86,24.6,2024-11-15,F,verbal,Sistemas,Tauro,3.97,4.3,75.6,5.0,2.42,3.0,2.79,no
87,22.7,2023-08-27,F,verbal,Economia,Geminis,3.39,6.9,82.8,4.0,2.92,4.0,2.25,no
88,19.0,2022-09-07,F,sensorial,Economia,Escorpio,3.95,16.5,82.1,3.0,3.23,6.0,3.01,si
89,27.6,2023-03-16,F,verbal,Sistemas,Cancer,4.32,18.2,,,3.34,5.0,3.27,si
90,19.0,2020-08-06,F,,Artes,Sagitario,4.11,7.3,90.1,2.0,3.12,6.0,2.16,no
9,19.1,2024-08-13,F,equilibrio,Psicologia,Libra,4.2,10.6,78.8,5.0,1.88,7.0,1.93,no
92,22.5,2023-02-14,M,,Economia,Tauro,4.86,8.5,88.6,2.0,3.02,5.0,3.52,si
93,21.5,2022-01-17,M,sensorial,Sistemas,Cancer,,15.3,80.4,4.0,2.44,,2.57,no
94,25.0,2021-07-11,M,secuencial,Derecho,Piscis,3.99,,59.9,8.0,1.8,7.0,1.66,no
95,26.3,2021-09-05,F,intuitivo,Psicologia,Capricornio,4.59,9.9,71.9,5.0,2.93,6.0,2.59,no
96,24.1,2023-08-05,M,visual,Educacion,Leo,4.22,,,,3.1,7.0,2.36,no
97,19.0,2025-07-06,F,visual,Ingenieria,Tauro,3.94,22.1,65.1,7.0,3.07,7.0,3.11,si
98,26.9,2019-03-17,M,visual,Psicologia,Aries,3.34,,75.6,5.0,2.42,2.0,1.54,no
99,22.8,2022-05-27,,equilibrio,Derecho,Libra,2.89,14.2,76.9,5.0,2.34,7.0,1.78,no
100,20.0,2021-06-03,F,reflexivo,Ingenieria,Cancer,4.2,3.2,91.6,2.0,2.96,9.0,3.51,si
101,19.0,2020-09-09,M,sensorial,Psicologia,Capricornio,3.96,9.5,78.4,4.0,3.05,8.0,2.18,no
102,19.0,2023-07-04,F,activo,Ingenieria,Geminis,4.58,15.2,60.3,8.0,-0.8,9.0,3.56,si
103,27.8,2020-12-09,M,,Derecho,Libra,4.15,8.6,53.0,9.0,2.53,5.0,2.94,no
104,20.4,2024-10-20,M,equilibrio,Artes,Aries,3.34,2.8,66.7,7.0,2.42,4.0,1.94,no
105,22.2,2024-11-15,F,secuencial,Psicologia,Sagitario,3.94,5.3,73.2,6.0,3.13,3.0,2.55,no
106,22.3,2022-06-18,M,visual,Ingenieria,Piscis,3.88,,77.9,5.0,3.14,10.0,3.82,si
107,21.8,2022-05-13,F,sensorial,Ingenieria,Capricornio,4.17,12.6,,,3.41,9.0,3.8,si
108,26.3,2022-04-07,M,verbal,Ingenieria,Escorpio,4.3,19.7,78.2,5.0,3.73,7.0,3.9,si
109,19.0,2019-08-12,M,visual,Ingenieria,Virgo,5.0,10.8,,,4.08,4.0,4.19,si
110,20.2,2023-09-22,F,visual,Derecho,Libra,4.08,9.2,72.7,5.0,3.02,7.0,2.81,no
111,24.4,2024-04-22,M,secuencial,Administracion,Piscis,3.62,10.5,78.3,4.0,2.67,6.0,2.36,no
112,19.0,2024-01-03,F,intuitivo,Artes,Escorpio,4.83,14.4,89.9,2.0,3.46,5.0,2.22,no
113,20.2,2026-10-24,F,verbal,Educacion,Piscis,4.62,23.9,59.0,9.0,4.06,7.0,3.07,si
114,22.8,2022-12-26,F,visual,Educacion,Sagitario,3.94,2.4,78.7,4.0,2.34,2.0,1.8,no
115,20.2,2024-10-24, m ,equilibrio,Economia,Capricornio,2.49,14.1,85.7,3.0,2.1,6.0,1.88,no
116,19.0,2021-03-08,F,intuitivo,Artes,Tauro,2.09,6.1,89.2,2.0,2.3,9.0,1.68,no
117,26.9,2024-01-01,M,visual,Ingenieria,Leo,,22.7,71.4,6.0,4.34,7.0,3.85,si
118,24.5,2022-01-13,F,intuitivo,Artes,Sagitario,"3,91",12.2,79.9,4.0,3.71,3.0,2.24,no
119,25.1,2023-12-14,M,verbal,Economia,Cancer,3.91,,87.1,2.0,3.22,,2.36,no
120,20.8,2021-06-06,F,,Educacion,Libra,3.95,3.2,52.5,10.0,2.36,2.0,1.97,no
121,24.5,2025-04-23,M,verbal,Artes,Capricornio,2.99,,74.3,5.0,2.4,4.0,1.92,no
122,27.3,2025-12-09,F,reflexivo,Medicina,Aries,4.2,,94.8,1.0,3.11,7.0,3.49,si
123,19.0,2021-06-12,F,reflexivo,Artes,Cancer,3.79,6.7,89.6,2.0,2.61,3.0,1.48,no
124,19.0,2023-04-23,F,sensorial,Ingenieria,Virgo,4.01,8.6,89.0,2.0,3.23,10.0,3.35,si
125,28.1,2023-04-24,F,visual,Economia,Sagitario,3.55,,57.0,9.0,3.08,7.0,,no
126,19.0,2024-08-26,F,equilibrio,Derecho,Tauro,,,,,2.46,3.0,2.54,no
127,26.0,2024-03-26,F,verbal,Sistemas,Aries,2.53,6.2,80.1,4.0,1.9,7.0,2.48,no
128,20.9,2020-10-19,M,equilibrio,Administracion,Cancer,4.58,11.5,92.8,1.0,3.27,5.0,2.46,no
129,21.0,2022-11-11,M,reflexivo,Sistemas,Leo,4.0,15.1,79.0,4.0,2.58,7.0,3.46,si
130,22.5,2024-03-01,M,activo,Psicologia,Cancer,2.84,13.2,87.2,2.0,1.59,7.0,1.71,no
131,23.2,2023-04-12,,secuencial,Sistemas,Virgo,3.78,18.8,93.0,1.0,3.69,3.0,3.25,si
132,22.5,2024-10-12,M,equilibrio,Economia,Aries,3.26,13.6,,,2.44,5.0,2.45,no
133,19.0,2025-08-09,F,reflexivo,Ingenieria,Aries,4.06,4.9,66.9,7.0,3.07,5.0,3.57,si
134,27.2,2022-12-01,F,sensorial,Psicologia,Escorpio,2.88,10.0,88.8,2.0,2.3,6.0,1.32,no
135,25.9,2021-07-13,M,visual,Economia,Leo,3.57,13.3,67.9,6.0,1.78,,2.93,no
136,20.2,2022-09-12,F,activo,Artes,Tauro,4.09,11.5,85.9,3.0,,,3.01,si
137,19.7,2023-11-09,F,equilibrio,Psicologia,Geminis,2.95,6.9,80.7,4.0,2.41,6.0,,no
138,25.9,2021-02-02,F,sensorial,Artes,Sagitario,3.38,7.6,95.7,1.0,2.63,,1.67,no
139,27.8,2020-12-09,M,,Derecho,Libra,4.15,8.6,53.0,9.0,2.53,5.0,2.94,no
140,20.1,2023-12-04,Otro,secuencial,Administracion,Leo,3.65,21.6,75.6,5.0,3.28,9.0,3.26,si
141,21.3,2023-03-08,M,visual,Artes,Cancer,3.94,6.2,84.3,4.0,2.57,8.0,2.15,no
142,22.7,2023-12-13,M,sensorial,Medicina,Cancer,4.08,,98.9,0.0,3.02,5.0,3.02,si
143,21.8,2026-11-26,F,visual,Ingenieria,Acuario,4.41,,80.8,4.0,3.13,5.0,3.59,si
144,25.4,2025-12-13,M,activo,Educacion,Virgo,4.07,10.6,43.6,12.0,1.74,4.0,1.58,no
145,20.2,2025-11-05,M,intuitivo,Sistemas,Cancer,3.95,4.3,,,2.8,7.0,3.76,si
146,19.0,2025-09-14,M,activo,Ingenieria,Leo,4.81,9.8,73.1,6.0,3.05,8.0,3.59,si
147,23.1,2022-11-26,M,verbal,Psicologia,Tauro,"3,16",5.2,80.3,4.0,1.5,0.0,0.91,no
148,26.6,2023-07-10,Otro,equilibrio,Derecho,Cancer,3.2,7.3,79.8,4.0,2.8,1.0,2.3,no
149,23.4,2022-12-19,F,secuencial,Medicina,Escorpio,2.84,19.9,72.2,6.0,,9.0,2.66,no
150,19.3,2025-01-23,F,verbal,Economia,Geminis,3.73,16.5,74.0,5.0,,4.0,3.36,si
151,21.7,2021-11-27,M,visual,Medicina,Geminis,3.18,14.0,88.7,2.0,2.04,5.0,1.88,no
152,19.0,2021-07-13,F,reflexivo,Psicologia,Cancer,2.96,9.8,46.0,11.0,2.18,7.0,1.78,no
153,,2023-11-05,F,sensorial,Medicina,Libra,"3,78",,,,3.03,7.0,3.01,si
154,25.0,2023-10-20,F,equilibrio,Educacion,Escorpio,3.86,2.9,88.6,3.0,2.18,8.0,2.39,no
155,20.9,2022-12-17,Otro,,Sistemas,Geminis,2.81,6.2,85.3,3.0,2.27,6.0,2.58,no
156,27.4,2025-08-01,,secuencial,Psicologia,Geminis,2.93,,71.6,6.0,1.78,7.0,1.97,no
157,24.6,2023-08-04,M,secuencial,Economia,Leo,3.22,7.4,62.6,7.0,1.92,6.0,1.74,no
158,21.2,2022-01-07,M,,Administracion,Cancer,4.3,4.0,72.3,5.0,2.57,7.0,2.33,no
159,23.5,2021-07-23,F,secuencial,Educacion,Sagitario,4.25,8.4,49.5,10.0,2.5,,2.4,no
160,21.8,2023-03-12,M,secuencial,Administracion,Geminis,3.22,5.7,82.8,4.0,1.87,8.0,2.26,no
161,21.7,2023-08-14,F,visual,Artes,Virgo,3.56,5.8,93.4,1.0,2.42,,2.18,no
162,22.9,2023-12-15,F,equilibrio,Artes,Leo,4.08,14.5,68.2,6.0,2.26,6.0,2.08,no
163,17.0,2020-08-16,F,visual,Derecho,Acuario,5.0,11.3,75.8,5.0,,3.0,2.81,no
164,22.3,2021-01-24,F,sensorial,Medicina,Leo,3.57,17.7,94.9,1.0,3.37,3.0,2.96,no
165,21.2,2021-03-18,F,visual,Sistemas,Capricornio,3.17,13.8,,,2.62,4.0,2.86,no
166,19.0,2023-05-18,M,sensorial,Sistemas,Capricornio,3.61,3.7,78.6,4.0,2.18,7.0,2.48,no
167,24.4,2022-10-21,Otro,sensorial,Artes,Capricornio,3.33,13.8,19.1,16.0,1.91,9.0,2.06,no
168,25.6,2024-05-10,F ,activo,Ingenieria,Cancer,3.65,4.3,90.5,2.0,3.09,8.0,2.85,no
169,22.5,2024-03-18,M,intuitivo,Ingenieria,Libra,2.89,16.1,92.7,1.0,3.2,9.0,3.15,si
170,22.6,2026-07-09,F,activo,Psicologia,Geminis,3.55,11.5,39.9,12.0,,5.0,1.95,no
171,28.2,2021-01-18,F,equilibrio,Derecho,Sagitario,3.78,9.3,81.5,4.0,2.74,6.0,1.86,no
172,21.2,2026-03-05,F,activo,Psicologia,Escorpio,4.28,12.1,76.6,5.0,3.09,4.0,1.72,no
173,19.0,2020-09-17,M,activo,Ingenieria,Escorpio,5.0,7.7,85.5,3.0,3.77,10.0,3.85,si
174,23.7,2020-11-24,M,reflexivo,Medicina,Cancer,4.44,10.9,54.7,9.0,2.74,8.0,2.73,no
175,21.8,2021-12-17,F,equilibrio,Ingenieria,Capricornio,,,69.5,6.0,2.67,6.0,2.52,no
176,21.5,2024-11-06,M,visual,Economia,Leo,4.47,12.0,78.3,5.0,3.09,5.0,2.98,no
177,23.7,2022-05-08,M,secuencial,Economia,Cancer,"3,62",9.6,81.0,4.0,2.59,,3.08,si
178,21.8,2023-02-26,F ,,Psicologia,Geminis,3.04,5.2,88.2,2.0,2.77,9.0,2.87,no
179,19.0,2024-05-26,F,equilibrio,Psicologia,Capricornio,3.95,,70.0,6.0,2.25,7.0,2.72,no
180,24.0,2024-10-02,F,visual,Ingenieria,Aries,4.25,16.3,,,,10.0,3.39,si
181,22.7,2022-04-15,F,visual,Sistemas,Escorpio,3.51,11.9,48.2,10.0,3.06,7.0,2.85,no
182,21.3,2021-09-01,F,activo,Psicologia,Cancer,4.8,,76.0,4.0,3.38,10.0,3.21,si
183,19.0,2019-03-14,M,secuencial,Educacion,Piscis,4.35,4.9,71.0,6.0,2.58,7.0,2.26,no
184,22.9,2024-04-05,M,sensorial,Derecho,Escorpio,4.25,5.9,55.5,9.0,2.26,,2.91,no
185,22.6,2020-01-11,F ,sensorial,Derecho,Tauro,4.09,,85.5,3.0,2.59,5.0,2.73,no
186,30.2,2022-01-04,M,equilibrio,Medicina,Libra,4.44,5.0,62.2,8.0,3.56,6.0,3.35,si
187,20.2,2025-10-04,F,visual,Administracion,Leo,2.83,6.5,49.2,10.0,1.68,9.0,1.38,no
188,19.0,2023-08-08, m ,visual,Ingenieria,Virgo,5.0,25.8,96.9,0.0,4.74,6.0,4.62,si
189,22.1,2025-05-27,M,sensorial,Derecho,Escorpio,4.03,20.4,90.7,2.0,3.07,7.0,3.01,si
190,27.5,2025-01-17,M,intuitivo,Educacion,Piscis,3.16,10.4,91.7,2.0,2.64,,2.1,no
191,19.0,2024-04-10,F,visual,Psicologia,Escorpio,2.28,21.5,74.7,5.0,2.42,2.0,1.49,no
192,20.9,2023-12-17,F,visual,Sistemas,Piscis,3.33,8.6,76.8,5.0,2.58,,2.5,no
193,23.4,2023-04-22,F,intuitivo,Psicologia,Acuario,3.02,6.6,74.8,5.0,2.29,,2.66,no
194,22.4,2024-08-11,M,intuitivo,Ingenieria,Leo,4.66,,71.3,6.0,3.94,6.0,3.88,si
195,27.4,2023-04-25,F,reflexivo,Psicologia,Sagitario,3.87,10.6,68.5,6.0,2.61,5.0,2.81,no
196,19.7,2022-06-04,M,reflexivo,Derecho,Leo,,11.7,,,2.52,8.0,2.06,no
197,19.0,2024-05-06,F,secuencial,Sistemas,Escorpio,3.54,3.1,77.8,4.0,,5.0,2.58,no
198,20.8,2023-08-09,M,verbal,Administracion,Capricornio,"3,22",7.9,75.9,5.0,2.37,7.0,1.98,no
199,21.1,2022-01-27,Otro,sensorial,Educacion,Tauro,3.39,11.3,86.1,3.0,2.64,6.0,2.36,no
200,19.6,2023-05-12,M,visual,Ingenieria,Libra,3.32,13.3,85.3,3.0,3.52,9.0,3.16,si
201,22.8,2026-08-16,M,equilibrio,Administracion,Virgo,2.72,8.0,63.9,7.0,2.17,10.0,2.52,no
202,22.4,2024-04-13,M,intuitivo,Economia,Leo,3.07,1.9,83.1,3.0,1.85,,1.72,no
203,24.2,2022-01-09,F,reflexivo,Derecho,Leo,3.59,13.3,60.3,8.0,,4.0,,no
204,19.9,2024-01-15,Otro,visual,Administracion,Acuario,2.7,18.8,87.4,3.0,2.1,,1.46,no
205,24.1,2022-10-22,F,secuencial,Psicologia,Leo,5.0,13.8,98.0,1.0,3.81,8.0,3.38,si
206,,2024-04-25,F,visual,Sistemas,Piscis,4.15,8.4,84.7,3.0,2.59,9.0,2.8,no
207,22.8,2022-05-27,,equilibrio,Derecho,Libra,2.89,14.2,76.9,4.0,2.34,7.0,1.78,no
208,19.2,2022-01-13,F,secuencial,Medicina,Acuario,4.09,4.7,86.4,3.0,2.89,8.0,3.03,si
209,22.5,2023-12-01,M,equilibrio,Educacion,Capricornio,3.76,14.2,84.5,3.0,2.69,7.0,2.45,no
210,19.0,2023-06-22,F,verbal,Ingenieria,Escorpio,,11.6,78.4,4.0,2.96,5.0,3.55,si
211,19.4,2026-01-08,M,secuencial,Psicologia,Escorpio,3.72,17.0,78.4,4.0,2.96,4.0,2.18,no
212,24.3,2022-12-02,F,reflexivo,Economia,Aries,4.43,12.1,84.9,3.0,3.41,6.0,3.3,si
213,22.8,2023-03-27,F,intuitivo,Economia,Sagitario,4.49,16.9,83.2,3.0,3.66,7.0,3.41,si
214,25.1,2021-03-23,M,secuencial,Sistemas,Piscis,5.0,3.9,95.7,1.0,3.71,1.0,3.08,si
215,15.5,2026-11-13,M,activo,Derecho,Cancer,2.97,2.9,80.3,4.0,2.46,4.0,2.44,no
216,19.9,2025-07-20,M,intuitivo,Ingenieria,Tauro,4.78,9.9,76.0,5.0,3.76,9.0,4.19,si
217,20.6,2022-03-04,F,activo,Derecho,Leo,4.0,10.7,72.2,5.0,2.56,5.0,2.27,no
218,23.3,2019-02-16,F,equilibrio,Educacion,Virgo,1.75,9.8,94.3,1.0,1.93,6.0,1.22,no
219,20.0,2019-05-16,F,secuencial,Educacion,Cancer,,4.7,82.4,3.0,1.93,4.0,1.54,no
220,21.7,2023-04-26,M,reflexivo,Educacion,Cancer,4.31,14.8,76.4,5.0,2.54,7.0,2.7,no
221,23.2,2023-06-04,F,visual,Derecho,Acuario,3.92,15.2,57.4,8.0,2.51,7.0,2.09,no
222,22.3,2024-04-08,F,secuencial,Administracion,Leo,3.97,2.4,,,2.63,1.0,2.58,no
223,26.2,2020-03-26,M,sensorial,Ingenieria,Virgo,4.62,5.0,56.6,9.0,2.17,6.0,2.98,no
224,26.9,2025-05-02,F,visual,Ingenieria,Aries,,5.4,54.0,9.0,3.07,9.0,3.45,si
225,24.8,2023-02-21,F,activo,Ingenieria,Tauro,3.33,,71.4,6.0,2.48,5.0,3.31,si
226,29.1,2024-03-03,F,secuencial,Administracion,Leo,3.92,5.6,70.0,6.0,2.79,8.0,2.7,no
227,19.0,2022-06-23,F,sensorial,Psicologia,Escorpio,4.09,4.7,75.3,5.0,2.35,5.0,2.15,no
228,23.1,2024-03-21,M,visual,Derecho,Escorpio,3.56,4.4,58.0,8.0,1.68,,1.83,no
229,22.6,2025-02-10,M,activo,Administracion,Acuario,5.0,7.9,87.1,2.0,3.67,6.0,3.21,si
230,22.6,2021-10-19,F,sensorial,Sistemas,Tauro,3.51,11.5,85.4,3.0,2.38,6.0,2.96,no
231,24.8,2023-10-09,M,visual,Medicina,Tauro,4.68,18.4,73.6,6.0,3.8,2.0,2.66,no
232,22.2,2025-06-21,,sensorial,Derecho,Leo,4.02,11.9,,,3.16,6.0,2.33,no
233,20.5,2023-03-06,M,reflexivo,Ingenieria,Escorpio,3.67,1.3,76.1,5.0,2.4,9.0,2.01,no
234,,2023-08-13,f,sensorial,Psicologia,Virgo,3.82,12.9,78.5,5.0,2.93,8.0,2.49,no
235,23.2,2022-04-12,F,equilibrio,Ingenieria,Leo,"5,0",3.6,75.0,5.0,4.43,7.0,4.23,si
236,22.6,2022-12-09,F,sensorial,Sistemas,Leo,"3,74",11.9,61.6,8.0,2.98,6.0,5.0,si
237,19.0,2022-01-08,F,visual,Ingenieria,Virgo,3.97,,83.2,4.0,,6.0,3.14,si
238,19.0,2022-12-02,M,verbal,Economia,Tauro,3.86,11.4,,,2.96,9.0,2.53,no
239,24.9,2024-01-22,F,verbal,Administracion,Leo,3.26,7.4,60.6,8.0,1.97,4.0,1.29,no
240,24.6,2025-05-12,M,visual,Ingenieria,Geminis,3.86,19.4,85.1,3.0,4.14,8.0,3.35,si
241,28.8,2025-07-09,M,visual,Artes,Cancer,3.82,2.2,91.3,2.0,,6.0,2.45,no
242,,2022-09-05,M,verbal,Educacion,Piscis,4.77,,,,3.09,7.0,2.58,no
243,20.0,2022-06-01,F,sensorial,Sistemas,Virgo,2.95,7.1,95.0,1.0,2.58,8.0,3.05,si
244,24.4,2023-08-13,M,visual,Psicologia,Cancer,3.89,5.8,,,2.93,4.0,2.69,no
245,21.4,2023-12-07,M,sensorial,Economia,Aries,4.79,7.7,73.2,6.0,,9.0,3.47,si
246,24.0,2020-05-09,F,verbal,Medicina,Piscis,2.64,7.2,90.6,2.0,2.88,5.0,2.69,no
247,20.3,2020-06-08,M,visual,Sistemas,Libra,3.66,14.0,64.8,7.0,2.57,7.0,3.22,si
248,24.6,2023-12-02,M,sensorial,Derecho,Acuario,4.45,19.2,84.0,3.0,3.53,5.0,2.5,no
249,27.8,2021-12-08,F,visual,Artes,Virgo,"4,66",11.0,96.4,1.0,2.82,3.0,2.87,no
250,21.0,2023-05-22,M,visual,Psicologia,Acuario,3.64,7.0,54.3,9.0,1.92,,1.89,no
251,21.4,2018-02-12,F,sensorial,Derecho,Capricornio,3.42,19.9,80.8,4.0,2.76,3.0,2.97,no
252,24.3,2024-09-26,f,verbal,Ingenieria,Geminis,3.48,19.4,,,3.59,,3.23,si
253,20.8,2025-12-13,M,activo,Educacion,Aries,3.16,,73.6,6.0,2.44,,2.47,no
254,19.0,2021-08-04,M,visual,Economia,Sagitario,4.38,2.0,74.2,5.0,2.83,6.0,2.24,no
255,19.0,2025-09-13,Otro,visual,Ingenieria,Acuario,4.6,15.8,47.1,10.0,,10.0,4.28,si
256,20.0,2019-04-22,M,sensorial,Educacion,Libra,3.78,,73.4,5.0,3.03,,2.71,no
257,21.8,2021-06-26,M,sensorial,Educacion,Capricornio,2.67,4.3,68.4,6.0,1.71,2.0,1.55,no
258,20.9,2022-12-23,F,secuencial,Administracion,Leo,"2,84",4.8,74.7,5.0,2.43,4.0,2.04,no
259,19.0,2024-10-15,F,secuencial,Administracion,Libra,"4,61",6.3,89.7,2.0,3.2,7.0,2.85,no
260,24.0,2021-05-26,M,activo,Ingenieria,Leo,4.6,8.7,55.2,9.0,3.72,7.0,3.64,si
261,22.0,2025-12-25,Otro,verbal,Ingenieria,Libra,5.0,14.9,59.4,8.0,3.55,4.0,3.12,si
262,23.1,2023-05-10,M,activo,Psicologia,Libra,4.15,,83.8,3.0,2.67,5.0,2.26,no
263,19.0,2021-12-12,F,verbal,Artes,Virgo,3.62,9.9,52.2,9.0,1.61,10.0,1.52,no
264,,2024-01-14,M,equilibrio,Economia,Capricornio,3.25,4.9,78.7,4.0,2.28,1.0,1.89,no
265,,2023-07-04,F,verbal,Economia,Capricornio,2.81,5.1,79.1,4.0,1.21,,1.33,no
266,19.8,2022-03-18,M,verbal,Artes,Capricornio,3.77,15.1,5.0,19.0,3.11,10.0,2.29,no
267,19.1,2025-07-24,M,visual,Sistemas,Sagitario,3.0,15.6,75.4,5.0,2.03,6.0,2.47,no
268,22.7,2018-05-08,F,sensorial,Economia,Escorpio,3.78,,77.1,5.0,1.95,6.0,1.74,no
269,26.0,2026-11-15,M,sensorial,Ingenieria,Acuario,4.95,,89.1,2.0,3.95,7.0,3.56,si
270,20.4,2025-03-10,F,visual,Derecho,Acuario,4.23,18.0,,,2.99,5.0,2.87,no
271,19.0,2023-07-07,M,reflexivo,Administracion,Sagitario,,12.5,82.1,3.0,2.24,5.0,1.77,no
272,26.2,2021-07-17,F,visual,Psicologia,Aries,3.23,8.3,69.0,6.0,2.63,6.0,2.06,no
273,20.8,2019-01-16,F,visual,Administracion,Tauro,3.06,6.5,,,1.83,3.0,2.35,no
274,23.2,2025-10-21,F,equilibrio,Ingenieria,Acuario,4.32,9.1,78.5,4.0,3.17,5.0,3.11,si
275,21.5,2018-06-03,M,sensorial,Derecho,Piscis,4.37,12.2,83.2,3.0,2.89,5.0,2.43,no
276,19.8,2025-04-04,F,visual,Artes,Capricornio,4.22,6.4,64.7,7.0,2.62,6.0,1.88,no
277,19.0,2020-11-19,F,visual,Medicina,Leo,5.0,4.5,87.6,3.0,2.48,7.0,2.97,no
278,24.7,2024-08-25,F,verbal,Educacion,Leo,3.66,-4.0,76.3,5.0,2.41,6.0,2.32,no
279,20.7,2021-03-26,F,reflexivo,Educacion,Piscis,4.37,21.5,67.0,6.0,3.62,5.0,2.8,no
280,26.9,2024-01-01,M,visual,Ingenieria,Leo,,22.7,71.4,6.0,4.34,7.0,3.85,si
281,,2022-08-22,F,sensorial,Sistemas,Sagitario,4.82,,83.7,3.0,3.43,6.0,2.84,no
282,22.7,2023-02-07,M,verbal,Administracion,Piscis,4.38,6.4,,,3.14,10.0,2.47,no
283,23.7,2024-11-12, m ,activo,Administracion,Capricornio,3.47,10.1,58.3,9.0,2.23,6.0,2.45,no
284,22.1,2025-02-13,M,visual,Ingenieria,Libra,3.45,4.0,72.6,6.0,2.81,9.0,3.13,si
285,19.8,2022-10-04,F,secuencial,Derecho,Cancer,2.84,,78.8,4.0,2.12,10.0,1.89,no
286,23.6,2025-03-04,F,,Administracion,Escorpio,3.25,16.3,,,2.84,4.0,2.13,no
287,19.0,2023-02-21,F,sensorial,Sistemas,Tauro,3.56,11.3,71.9,5.0,2.79,5.0,2.77,no
288,28.7,2024-11-20,F,sensorial,Medicina,Libra,3.16,4.4,51.0,10.0,1.81,5.0,2.41,no
289,21.0,2019-06-02,Otro,sensorial,Sistemas,Libra,2.55,6.3,59.3,8.0,1.77,7.0,2.6,no
290,21.7,2024-07-07,F,reflexivo,Medicina,Geminis,2.68,10.8,64.6,7.0,2.66,,2.7,no
291,25.0,2022-05-11,F,reflexivo,Sistemas,Geminis,3.22,3.3,99.6,0.0,2.3,7.0,2.39,no
292,23.3,2023-08-14,F,visual,Artes,Virgo,3.05,6.3,86.3,3.0,2.19,5.0,1.99,no
293,20.5,2022-06-18,F,,Ingenieria,Cancer,3.65,2.4,52.2,9.0,6.5,7.0,2.3,no
294,21.4,2024-10-22,F,secuencial,Derecho,Acuario,3.66,,49.8,10.0,,10.0,2.58,no
295,21.7,2025-03-22,M,activo,Psicologia,Geminis,3.1,3.8,78.3,5.0,2.57,3.0,2.22,no
296,21.0,2021-08-03,F,sensorial,Ingenieria,Virgo,,19.2,69.8,6.0,3.55,9.0,3.36,si
297,23.1,2024-03-21,M,visual,Derecho,Escorpio,3.56,4.4,58.0,8.0,1.68,,1.83,no
298,27.1,2022-03-06,M,visual,Psicologia,Libra,3.29,13.0,78.6,4.0,2.57,4.0,2.3,no
299,23.5,2021-03-21,F,visual,Ingenieria,Acuario,2.96,10.4,53.9,9.0,2.63,7.0,2.5,no
300,22.3,2020-06-22,F,intuitivo,Economia,Leo,4.64,17.2,,,3.68,7.0,3.94,si
301,24.2,2021-08-06,M,equilibrio,Ingenieria,Escorpio,4.23,6.0,85.4,3.0,3.31,6.0,3.61,si
302,19.3,2023-12-02,M,verbal,Psicologia,Geminis,3.14,10.6,63.8,7.0,2.05,6.0,1.09,no
303,23.5,2022-05-05,M,visual,Educacion,Geminis,4.87,7.3,86.7,3.0,3.79,10.0,2.86,no
304,19.0,2023-05-18,M,sensorial,Sistemas,Capricornio,3.61,3.7,78.6,4.0,2.18,7.0,2.48,no
305,21.8,2021-11-01,M,activo,Economia,Geminis,3.19,6.3,60.8,8.0,1.69,8.0,1.36,no
306,22.1,2025-11-19,F,visual,Psicologia,Cancer,2.53,4.9,97.0,1.0,1.66,10.0,1.51,no
307,22.1,2023-02-23,M,reflexivo,Sistemas,Cancer,2.59,16.7,79.3,4.0,,7.0,2.02,no
308,22.3,2018-06-13,F,secuencial,Derecho,Piscis,3.54,7.0,89.6,2.0,2.5,5.0,2.17,no
309,23.6,2022-09-05,F,visual,Ingenieria,Escorpio,3.98,5.6,92.3,2.0,2.73,10.0,3.14,si
310,24.5,2021-05-08,F,equilibrio,Administracion,Acuario,4.32,20.5,77.6,5.0,3.57,3.0,2.87,no
311,22.0,2018-05-21,F,equilibrio,Medicina,Virgo,4.58,5.7,92.8,1.0,3.12,2.0,3.46,si
312,19.8,2026-10-13,M,sensorial,Administracion,Virgo,2.63,10.0,72.0,6.0,,9.0,1.62,no
313,21.6,2023-03-25,M,secuencial,Sistemas,Capricornio,2.9,7.3,71.5,5.0,2.48,10.0,3.02,si
314,22.8,2023-06-13,M,activo,Derecho,Leo,3.76,6.8,42.0,11.0,2.22,7.0,2.16,no
315,99.5,2023-03-04,F,sensorial,Economia,Leo,3.14,11.4,87.2,3.0,,8.0,1.99,no
316,19.1,2024-02-27,M,secuencial,Ingenieria,Leo,4.2,11.2,68.0,7.0,3.07,,3.61,si
317,24.0,2025-07-21,M,reflexivo,Ingenieria,Capricornio,4.69,4.5,56.4,9.0,3.11,5.0,3.73,si
318,23.9,2024-06-03,M,sensorial,Artes,Capricornio,2.95,20.0,86.1,3.0,2.35,6.0,1.47,no
319,21.9,2025-01-22,M,intuitivo,Economia,Tauro,"3,03",22.6,89.1,2.0,2.47,6.0,2.35,no
320,25.8,2024-02-02,M,activo,Educacion,Escorpio,3.56,2.1,86.0,3.0,2.69,6.0,2.52,no
321,26.5,2026-02-04,M,visual,Administracion,Cancer,,13.2,57.6,9.0,2.64,5.0,2.39,no
322,22.7,2022-07-17,Otro,activo,Artes,Sagitario,3.31,6.2,86.6,2.0,2.82,5.0,1.41,no
323,19.0,2024-05-25,F,intuitivo,Administracion,Aries,3.84,6.5,79.7,4.0,2.87,6.0,2.41,no
324,22.2,2024-05-26,F,sensorial,Medicina,Virgo,3.09,9.4,61.3,8.0,1.93,10.0,2.67,no
325,24.4,2021-03-16,M,visual,Administracion,Piscis,2.82,6.5,59.9,8.0,1.79,6.0,1.88,no
326,22.7,2021-10-20,F,secuencial,Administracion,Tauro,3.87,15.3,,,2.68,8.0,2.6,no
327,25.8,2024-12-05,M,visual,Educacion,Aries,3.6,10.7,67.9,6.0,1.93,10.0,1.33,no
328,27.8,2021-04-25,F,verbal,Artes,Escorpio,4.67,,87.6,2.0,3.91,7.0,2.45,no
329,26.0,2024-08-11,Otro,activo,Economia,Aries,3.84,12.7,80.9,4.0,3.13,6.0,3.32,si
330,21.1,2022-11-15,M,sensorial,Economia,Capricornio,3.93,0.8,89.2,2.0,2.2,5.0,2.61,no
331,250.0,2024-11-10,M,,Derecho,Aries,5.0,9.1,,,3.11,3.0,3.08,si
332,19.6,2020-05-15,F,sensorial,Economia,Piscis,4.12,6.8,48.8,10.0,,,2.04,no
333,20.9,2023-04-20,M,verbal,Ingenieria,Acuario,4.07,18.7,76.2,5.0,4.05,,4.28,si
334,24.7,2020-05-09,M,secuencial,Derecho,Aries,2.67,5.9,72.6,5.0,2.0,6.0,2.07,no
335,22.1,2023-03-13,F,visual,Ingenieria,Libra,4.52,18.1,85.9,3.0,4.22,8.0,3.76,si
336,26.6,2023-05-16,F,secuencial,Ingenieria,Sagitario,4.49,8.5,57.3,8.0,3.38,4.0,3.27,si
337,19.0,2025-11-04,F,visual,Medicina,Cancer,4.22,2.0,93.6,1.0,2.76,1.0,2.28,no
338,,2023-08-27,F,secuencial,Administracion,Aries,3.46,9.6,44.4,11.0,2.46,5.0,1.89,no
339,26.8,2024-05-11,F,secuencial,Educacion,Piscis,3.57,12.8,66.3,6.0,2.54,,2.36,no
340,23.7,2022-09-14,M,activo,Artes,Geminis,4.22,24.6,65.9,7.0,3.16,2.0,2.01,no
341,24.8,2019-09-10,F,sensorial,Medicina,Geminis,5.0,,48.0,10.0,3.18,9.0,3.13,si
342,19.0,2024-12-23,F,visual,Ingenieria,Escorpio,3.53,,56.1,9.0,2.12,6.0,2.42,no
343,19.0,2023-12-21,F,secuencial,Sistemas,Leo,4.29,12.4,61.5,8.0,3.15,9.0,3.57,si
344,19.0,2021-01-15,F,secuencial,Economia,Leo,2.62,2.6,75.5,5.0,1.82,6.0,2.11,no
345,23.5,2022-07-05,M,verbal,Ingenieria,Geminis,5.0,13.8,61.7,8.0,,6.0,3.97,si
346,20.5,2022-02-23,F,sensorial,Administracion,Piscis,2.8,7.7,87.7,3.0,2.11,,2.0,no
347,19.0,2021-07-12,F,equilibrio,Economia,Piscis,4.62,5.8,,,3.32,10.0,3.45,si
348,24.1,2024-09-24,Otro,visual,Ingenieria,Sagitario,,10.4,98.7,0.0,2.76,,3.16,si
349,23.1,2022-06-18,M,reflexivo,Administracion,Escorpio,4.18,6.8,85.3,3.0,3.3,7.0,2.65,no
350,25.5,2026-05-17,M,verbal,Administracion,Acuario,4.99,8.4,77.5,4.0,3.27,4.0,2.5,no
351,28.7,2023-02-23,f,sensorial,Sistemas,Aries,3.02,15.3,61.7,8.0,3.05,4.0,2.57,no
352,19.0,2023-07-02,F,visual,Psicologia,Virgo,3.92,8.9,76.6,5.0,2.67,8.0,2.16,no
353,21.8,2021-03-15,M,secuencial,Administracion,Sagitario,2.8,14.5,78.6,4.0,2.49,4.0,1.54,no
354,27.1,2023-09-01,M,sensorial,Ingenieria,Capricornio,3.42,22.2,89.5,2.0,3.1,9.0,3.49,si
355,28.1,2025-10-21,M,secuencial,Ingenieria,Cancer,5.0,,,,4.61,10.0,4.52,si
356,21.9,2023-04-16,F,intuitivo,Medicina,Aries,3.12,11.9,58.9,8.0,1.84,8.0,2.42,no
357,19.5,2025-04-09,,equilibrio,Ingenieria,Libra,3.85,10.7,68.2,6.0,2.97,9.0,3.25,si
358,23.5,2022-09-24,M,intuitivo,Artes,Sagitario,4.24,2.7,78.0,5.0,2.96,8.0,2.78,no
359,23.0,2023-01-22,F,sensorial,Administracion,Escorpio,4.19,4.1,85.8,3.0,2.97,9.0,,no
360,19.0,2021-08-26,F,secuencial,Economia,Cancer,3.94,10.9,,,3.14,4.0,2.68,no
361,19.3,2026-01-10,F,activo,Artes,Piscis,-0.5,,78.3,4.0,3.46,10.0,3.49,si
362,20.9,2024-02-23,M,reflexivo,Educacion,Acuario,2.06,7.5,89.0,2.0,2.39,8.0,2.03,no
363,20.7,2024-11-20,M,verbal,Sistemas,Leo,2.96,7.0,80.7,4.0,,7.0,2.98,no
364,27.5,2023-12-27,M,secuencial,Educacion,Acuario,,7.2,88.4,2.0,2.07,6.0,1.96,no
365,19.2,2026-09-18,F,visual,Ingenieria,Cancer,4.35,13.0,61.0,8.0,2.89,10.0,4.17,si
366,23.1,2024-02-19,F,sensorial,Economia,Libra,3.14,21.3,51.3,10.0,2.37,4.0,1.91,no
367,20.0,2024-02-11,F,sensorial,Psicologia,Aries,3.1,3.2,64.9,7.0,2.88,4.0,2.48,no
368,22.4,2025-09-01,M,visual,Medicina,Aries,4.03,9.6,80.8,4.0,3.46,,2.78,no
369,,2022-05-15,M,secuencial,Artes,Geminis,2.59,4.3,81.0,4.0,2.13,,1.91,no
370,25.0,2023-02-11,,activo,Educacion,Leo,3.44,8.4,82.2,4.0,3.1,,2.01,no
371,25.1,2022-02-04,M,,Educacion,Virgo,,8.9,90.9,2.0,2.74,9.0,2.47,no
372,,2022-10-27,,verbal,Ingenieria,Libra,4.53,0.9,86.1,3.0,3.11,15.0,2.91,no
373,24.3,2023-04-07,F,equilibrio,Administracion,Leo,4.26,7.5,90.6,2.0,,5.0,2.95,no
374,23.7,2022-07-11,M,intuitivo,Ingenieria,Cancer,4.91,4.1,,,2.87,8.0,3.59,si
375,24.2,2022-03-17,M,reflexivo,Administracion,Virgo,3.44,8.1,79.7,4.0,2.38,10.0,1.96,no
376,21.3,2024-02-18,Otro,sensorial,Psicologia,Aries,2.67,7.5,87.9,2.0,2.65,8.0,,no
377,19.6,2020-02-21,M,visual,Sistemas,Libra,3.49,11.1,86.8,3.0,3.15,7.0,2.95,no
378,21.9,2025-04-25,F,visual,Economia,Escorpio,4.57,9.3,69.8,6.0,3.27,9.0,2.4,no
379,24.3,2021-03-22,M,intuitivo,Ingenieria,Tauro,4.77,,63.9,7.0,3.74,7.0,3.59,si
380,19.5,2021-02-24,M,secuencial,Ingenieria,Libra,4.23,5.3,,,3.04,10.0,,no
381,19.0,2022-06-03,F,reflexivo,Artes,Geminis,4.46,5.7,73.4,5.0,2.85,6.0,2.13,no
382,21.0,2023-03-05,M,secuencial,Economia,Cancer,3.12,5.2,,,1.82,6.0,2.01,no
383,23.5,2023-11-17,M,secuencial,Administracion,Escorpio,3.33,10.7,91.2,2.0,2.55,4.0,1.81,no
384,19.9,2023-05-07,F,equilibrio,Derecho,Aries,2.96,9.4,98.4,0.0,2.87,3.0,2.04,no
385,22.8,2022-08-04,M,activo,Ingenieria,Piscis,,5.8,71.7,5.0,3.91,8.0,4.44,si
386,26.1,2025-06-22,F,,Administracion,Geminis,2.65,4.2,66.0,7.0,1.76,6.0,1.36,no
387,21.0,2024-07-22,M,visual,Ingenieria,Libra,4.04,4.8,88.9,2.0,3.36,,3.63,si
388,20.8,2023-06-25,M,intuitivo,Artes,Virgo,3.35,,71.7,6.0,2.7,4.0,1.85,no
389,26.4,2023-04-07,F,activo,Psicologia,Geminis,1.78,9.8,72.8,5.0,1.63,8.0,0.0,no
390,19.0,2021-04-21,F,visual,Economia,Capricornio,3.45,6.2,81.6,4.0,3.26,7.0,2.0,no
391,19.0,2023-02-06,M,verbal,Ingenieria,Cancer,3.44,7.7,90.9,2.0,3.25,2.0,3.69,si
392,19.6,2024-11-11,M,secuencial,Administracion,Piscis,3.96,20.7,92.9,1.0,3.42,3.0,2.47,no
393,22.3,2024-07-08,F,activo,Educacion,Virgo,3.44,3.6,86.8,3.0,2.22,5.0,2.35,no
394,22.4,2024-11-13,M,secuencial,Ingenieria,Libra,4.94,5.2,67.0,7.0,3.68,8.0,3.73,si
395,24.7,2022-08-11,M,verbal,Sistemas,Leo,3.89,5.1,67.7,6.0,2.61,,3.16,si
396,22.1,2022-02-26,M,intuitivo,Educacion,Cancer,2.77,9.0,,,2.28,,0.83,no
397,23.5,2025-11-20,M,sensorial,Ingenieria,Geminis,3.99,4.6,86.6,3.0,2.6,2.0,3.44,si
398,21.5,2025-11-09,F,secuencial,Psicologia,Leo,3.13,17.3,75.9,4.0,2.72,9.0,2.04,no
399,20.9,2023-12-07,M,verbal,Artes,Tauro,2.84,4.9,,,,5.0,1.33,no
400,19.0,2021-01-09,M,visual,Educacion,Piscis,4.08,12.2,72.3,6.0,3.13,10.0,2.39,no
401,22.4,2023-04-20,F,sensorial,Psicologia,Piscis,7.2,6.1,87.7,3.0,1.99,5.0,1.69,no
402,22.8,2019-08-23,Otro,sensorial,Derecho,Aries,"2,65",4.4,52.5,10.0,1.3,2.0,0.81,no
403,,2023-03-18,F,equilibrio,Educacion,Libra,3.45,11.3,96.2,0.0,2.8,4.0,1.58,no
404,20.7,2022-04-15,M,sensorial,Economia,Tauro,4.07,7.7,56.6,9.0,2.44,6.0,2.12,no
405,20.8,2025-01-08,M,visual,Artes,Geminis,2.91,15.5,39.6,12.0,2.33,7.0,1.6,no
406,23.3,2022-06-24,M,secuencial,Artes,Escorpio,4.08,,90.4,2.0,2.53,7.0,1.77,no
407,,2021-02-11,M,secuencial,Ingenieria,Acuario,,8.5,67.3,7.0,3.03,,3.54,si
